Film,Year,Awards,Nominations,Win
Oppenheimer,2023,7,13,True
Poor Things,2023,4,11,False
The Zone of Interest,2023,2,5,False
American Fiction,2023,1,5,False
Anatomy of a Fall,2023,1,5,False
Barbie,2023,1,8,False
The Boy and the Heron,2023,1,1,False
Godzilla Minus One,2023,1,1,False
The Holdovers,2023,1,5,False
The Last Repair Shop,2023,1,1,False
20 Days in Mariupol,2023,1,1,False
War Is Over! Inspired by the Music of John and Yoko,2023,1,1,False
The Wonderful Story of Henry Sugar,2023,1,1,False
Everything Everywhere All at Once,2022,7,11,True
All Quiet on the Western Front,2022,4,9,False
The Whale,2022,2,3,False
Top Gun: Maverick,2022,1,6,False
Black Panther: Wakanda Forever,2022,1,5,False
Avatar: The Way of Water,2022,1,4,False
Women Talking,2022,1,2,False
Guillermo del Toro's Pinocchio,2022,1,1,False
Navalny,2022,1,1,False
The Elephant Whisperers,2022,1,1,False
An Irish Goodbye,2022,1,1,False
"The Boy, the Mole, the Fox and the Horse",2022,1,1,False
RRR,2022,1,1,False
CODA,2021,3,3,True
Dune,2021,6,10,False
The Eyes of Tammy Faye,2021,2,2,False
No Time to Die,2021,1,3,False
The Windshield Wiper,2021,1,1,False
The Long Goodbye,2021,1,1,False
The Queen of Basketball,2021,1,1,False
Summer of Soul,2021,1,1,False
Drive My Car,2021,1,4,False
Encanto,2021,1,3,False
West Side Story,2021,1,7,False
Belfast,2021,1,7,False
The Power of the Dog,2021,1,12,False
King Richard,2021,1,6,False
Cruella,2021,1,2,False
Nomadland,2020/21,3,6,True
The Father,2020/21,2,6,False
Judas and the Black Messiah,2020/21,2,6,False
Minari,2020/21,1,6,False
Mank,2020/21,2,10,False
Sound of Metal,2020/21,2,6,False
Ma Rainey's Black Bottom,2020/21,2,5,False
Promising Young Woman,2020/21,1,5,False
Tenet,2020/21,1,2,False
Soul,2020/21,2,3,False
Another Round,2020/21,1,2,False
My Octopus Teacher,2020/21,1,1,False
Colette,2020/21,1,1,False
If Anything Happens I Love You,2020/21,1,1,False
Two Distant Strangers,2020/21,1,1,False
Parasite,2019,4,6,True
Ford v Ferrari,2019,2,4,False
Learning to Skateboard in a Warzone (If You're a Girl),2019,1,1,False
The Neighbors' Window,2019,1,1,False
Little Women,2019,1,6,False
Marriage Story,2019,1,6,False
Jojo Rabbit,2019,1,6,False
Toy Story 4,2019,1,2,False
Joker,2019,2,11,False
Once Upon a Time in Hollywood,2019,2,10,False
1917,2019,3,10,False
Judy,2019,1,2,False
Bombshell,2019,1,3,False
Rocketman,2019,1,1,False
American Factory,2019,1,1,False
Hair Love,2019,1,1,False
Green Book,2018,3,5,True
Bohemian Rhapsody,2018,4,5,False
Roma,2018,3,10,False
Black Panther,2018,3,7,False
The Favourite,2018,1,10,False
A Star Is Born,2018,1,8,False
Vice,2018,1,8,False
BlacKkKlansman,2018,1,6,False
First Man,2018,1,4,False
If Beale Street Could Talk,2018,1,3,False
Bao,2018,1,1,False
Free Solo,2018,1,1,False
Period. End of Sentence.,2018,1,1,False
Skin,2018,1,1,False
Spider-Man: Into the Spider-Verse,2018,1,1,False
The Shape of Water,2017,4,13,True
Dunkirk,2017,3,8,False
"Three Billboards Outside Ebbing, Missouri",2017,2,7,False
Darkest Hour,2017,2,6,False
Blade Runner 2049,2017,2,5,False
Coco,2017,2,2,False
Phantom Thread,2017,1,6,False
Call Me by Your Name,2017,1,4,False
Get Out,2017,1,4,False
"I, Tonya",2017,1,3,False
Dear Basketball,2017,1,1,False
A Fantastic Woman,2017,1,1,False
Heaven Is a Traffic Jam on the 405,2017,1,1,False
Icarus,2017,1,1,False
The Silent Child,2017,1,1,False
Flesh and Sand (Carne y arena),2017,0 (1)[1],0,False
Moonlight,2016,3,8,True
La La Land,2016,6,14,False
Hacksaw Ridge,2016,2,6,False
Manchester by the Sea,2016,2,6,False
Arrival,2016,1,8,False
Fences,2016,1,4,False
Fantastic Beasts and Where to Find Them,2016,1,2,False
The Jungle Book,2016,1,1,False
O.J.: Made in America,2016,1,1,False
Piper,2016,1,1,False
The Salesman,2016,1,1,False
Sing,2016,1,1,False
Suicide Squad,2016,1,1,False
The White Helmets,2016,1,1,False
Zootopia,2016,1,1,False
Spotlight,2015,2,6,True
Mad Max: Fury Road,2015,6,10,False
The Revenant,2015,3,12,False
Bridge of Spies,2015,1,6,False
The Big Short,2015,1,5,False
The Danish Girl,2015,1,4,False
Room,2015,1,4,False
The Hateful Eight,2015,1,3,False
Ex Machina,2015,1,2,False
Inside Out,2015,1,2,False
Amy,2015,1,1,False
Bear Story,2015,1,1,False
A Girl in the River: The Price of Forgiveness,2015,1,1,False
Son of Saul,2015,1,1,False
Spectre,2015,1,1,False
Stutterer,2015,1,1,False
Birdman or (The Unexpected Virtue of Ignorance),2014,4,9,True
The Grand Budapest Hotel,2014,4,9,False
Whiplash,2014,3,5,False
The Imitation Game,2014,1,8,False
American Sniper,2014,1,6,False
Boyhood,2014,1,6,False
Interstellar,2014,1,5,False
The Theory of Everything,2014,1,5,False
Ida,2014,1,2,False
Selma,2014,1,2,False
Citizenfour,2014,1,1,False
Big Hero 6,2014,1,1,False
Crisis Hotline: Veterans Press 1,2014,1,1,False
The Phone Call,2014,1,1,False
Still Alice,2014,1,1,False
Feast,2014,1,1,False
12 Years a Slave,2013,3,9,True
Gravity,2013,7,10,False
Dallas Buyers Club,2013,3,6,False
Frozen,2013,2,2,False
The Great Gatsby,2013,2,2,False
Her,2013,1,5,False
Blue Jasmine,2013,1,3,False
Mr Hublot,2013,1,1,False
The Lady in Number 6,2013,1,1,False
Helium,2013,1,1,False
The Great Beauty,2013,1,1,False
20 Feet from Stardom,2013,1,1,False
Argo,2012,3,7,True
Life of Pi,2012,4,11,False
Les Misérables,2012,3,8,False
Lincoln,2012,2,12,False
Django Unchained,2012,2,5,False
Skyfall,2012,2,5,False
Silver Linings Playbook,2012,1,8,False
Zero Dark Thirty,2012,1,5,False
Amour,2012,1,5,False
Anna Karenina,2012,1,4,False
Paperman,2012,1,1,False
Brave,2012,1,1,False
Searching for Sugar Man,2012,1,1,False
Inocente,2012,1,1,False
Curfew,2012,1,1,False
The Artist,2011,5,10,True
Hugo,2011,5,11,False
The Iron Lady,2011,2,2,False
The Descendants,2011,1,5,False
The Girl with the Dragon Tattoo,2011,1,5,False
Midnight in Paris,2011,1,4,False
The Help,2011,1,4,False
A Separation,2011,1,2,False
The Fantastic Flying Books of Mr. Morris Lessmore,2011,1,1,False
The Shore,2011,1,1,False
Undefeated,2011,1,1,False
The Muppets,2011,1,1,False
Saving Face,2011,1,1,False
Beginners,2011,1,1,False
Rango,2011,1,1,False
The King's Speech,2010,4,12,True
Inception,2010,4,8,False
The Social Network,2010,3,8,False
The Fighter,2010,2,7,False
Toy Story 3,2010,2,5,False
Alice in Wonderland,2010,2,3,False
Black Swan,2010,1,5,False
In a Better World,2010,1,1,False
The Lost Thing,2010,1,1,False
God of Love,2010,1,1,False
The Wolfman,2010,1,1,False
Strangers No More,2010,1,1,False
Inside Job,2010,1,1,False
The Hurt Locker,2009,6,9,True
Avatar,2009,3,9,False
Precious,2009,2,6,False
Up,2009,2,5,False
Crazy Heart,2009,2,3,False
Inglourious Basterds,2009,1,8,False
Star Trek,2009,1,4,False
The Young Victoria,2009,1,3,False
The Blind Side,2009,1,2,False
Music by Prudence,2009,1,1,False
The Secret in Their Eyes,2009,1,1,False
The Cove,2009,1,1,False
The New Tenants,2009,1,1,False
Logorama,2009,1,1,False
Slumdog Millionaire,2008,8,10,True
The Curious Case of Benjamin Button,2008,3,13,False
Milk,2008,2,8,False
The Dark Knight,2008,2,8,False
WALL-E,2008,1,6,False
The Reader,2008,1,5,False
The Duchess,2008,1,2,False
Departures,2008,1,1,False
Vicky Cristina Barcelona,2008,1,1,False
Smile Pinki,2008,1,1,False
Man on Wire,2008,1,1,False
Toyland,2008,1,1,False
La Maison en Petits Cubes,2008,1,1,False
No Country for Old Men,2007,4,8,True
The Bourne Ultimatum,2007,3,3,False
There Will Be Blood,2007,2,8,False
La Vie en rose,2007,2,3,False
Atonement,2007,1,7,False
Michael Clayton,2007,1,7,False
Ratatouille,2007,1,5,False
Juno,2007,1,4,False
Sweeney Todd: The Demon Barber of Fleet Street,2007,1,3,False
The Golden Compass,2007,1,2,False
Elizabeth: The Golden Age,2007,1,2,False
Taxi to the Dark Side,2007,1,1,False
Peter & the Wolf,2007,1,1,False
Once,2007,1,1,False
Le Mozart des pickpockets,2007,1,1,False
The Counterfeiters (Die Fälscher),2007,1,1,False
Freeheld,2007,1,1,False
The Departed,2006,4,5,True
Pan's Labyrinth (El laberinto del fauno),2006,3,6,False
Dreamgirls,2006,2,8,False
Little Miss Sunshine,2006,2,4,False
An Inconvenient Truth,2006,2,2,False
Babel,2006,1,7,False
The Queen,2006,1,6,False
Letters from Iwo Jima,2006,1,4,False
Pirates of the Caribbean: Dead Man's Chest,2006,1,4,False
The Danish Poet,2006,1,1,False
Happy Feet,2006,1,1,False
The Last King of Scotland,2006,1,1,False
The Lives of Others (Das Leben der Anderen),2006,1,1,False
Marie Antoinette,2006,1,1,False
West Bank Story,2006,1,1,False
The Blood of Yingzhou District,2006,1,1,False
Crash,2005,3,6,True
Brokeback Mountain,2005,3,8,False
Memoirs of a Geisha,2005,3,6,False
King Kong,2005,3,4,False
Capote,2005,1,5,False
Walk the Line,2005,1,5,False
The Constant Gardener,2005,1,4,False
"The Chronicles of Narnia: The Lion, the Witch and the Wardrobe",2005,1,3,False
Hustle & Flow,2005,1,2,False
Syriana,2005,1,2,False
March of the Penguins (La Marche de l'empereur),2005,1,1,False
Six Shooter,2005,1,1,False
The Moon and the Son: An Imagined Conversation,2005,1,1,False
A Note of Triumph: The Golden Age of Norman Corwin,2005,1,1,False
Tsotsi,2005,1,1,False
Wallace & Gromit: The Curse of the Were-Rabbit,2005,1,1,False
Million Dollar Baby,2004,4,7,True
The Aviator,2004,5,11,False
Ray,2004,2,6,False
The Incredibles,2004,2,4,False
Finding Neverland,2004,1,7,False
Sideways,2004,1,5,False
Lemony Snicket's A Series of Unfortunate Events,2004,1,4,False
Spider-Man 2,2004,1,3,False
Eternal Sunshine of the Spotless Mind,2004,1,2,False
The Motorcycle Diaries,2004,1,2,False
The Sea Inside,2004,1,2,False
Born into Brothels,2004,1,1,False
Mighty Times: The Children's March,2004,1,1,False
Wasp,2004,1,1,False
Ryan,2004,1,1,False
The Lord of the Rings: The Return of the King,2003,11,11,True
Master and Commander: The Far Side of the World,2003,2,10,False
Mystic River,2003,2,6,False
Cold Mountain,2003,1,7,False
Lost in Translation,2003,1,4,False
Finding Nemo,2003,1,4,False
The Barbarian Invasions,2003,1,2,False
Two Soldiers,2003,1,1,False
Monster,2003,1,1,False
Harvie Krumpet,2003,1,1,False
Chernobyl Heart,2003,1,1,False
The Fog of War,2003,1,1,False
Chicago,2002,6,13,True
The Pianist,2002,3,7,False
The Lord of the Rings: The Two Towers,2002,2,6,False
Frida,2002,2,6,False
The Hours,2002,1,9,False
Road to Perdition,2002,1,6,False
Adaptation,2002,1,4,False
Talk to Her (Hable con ella),2002,1,2,False
This Charming Man (Der Er En Yndig Mand),2002,1,1,False
Spirited Away,2002,1,1,False
Nowhere in Africa (Nirgendwo in Afrika),2002,1,1,False
The ChubbChubbs!,2002,1,1,False
Twin Towers,2002,1,1,False
Bowling for Columbine,2002,1,1,False
8 Mile,2002,1,1,False
A Beautiful Mind,2001,4,8,True
The Lord of the Rings: The Fellowship of the Ring,2001,4,13,False
Moulin Rouge!,2001,2,8,False
Black Hawk Down,2001,2,4,False
Gosford Park,2001,1,7,False
"Monsters, Inc.",2001,1,4,False
Pearl Harbor,2001,1,4,False
Iris,2001,1,3,False
Shrek,2001,1,2,False
Training Day,2001,1,2,False
Monster's Ball,2001,1,2,False
Thoth,2001,1,1,False
For the Birds,2001,1,1,False
No Man's Land,2001,1,1,False
Murder on a Sunday Morning (Un coupable idéal),2001,1,1,False
The Accountant,2001,1,1,False
Gladiator,2000,5,12,True
"Crouching Tiger, Hidden Dragon",2000,4,10,False
Traffic,2000,4,5,False
Erin Brockovich,2000,1,5,False
Almost Famous,2000,1,4,False
Wonder Boys,2000,1,3,False
How the Grinch Stole Christmas,2000,1,3,False
U-571,2000,1,2,False
Pollock,2000,1,2,False
Father and Daughter,2000,1,1,False
Into the Arms of Strangers: Stories of the Kindertransport,2000,1,1,False
Quiero ser (I want to be...),2000,1,1,False
Big Mama,2000,1,1,False
American Beauty,1999,5,8,True
The Matrix,1999,4,4,False
The Cider House Rules,1999,2,7,False
Topsy-Turvy,1999,2,4,False
Sleepy Hollow,1999,1,3,False
Boys Don't Cry,1999,1,2,False
Tarzan,1999,1,1,False
One Day in September,1999,1,1,False
The Red Violin (Le violon rouge),1999,1,1,False
The Old Man and the Sea,1999,1,1,False
My Mother Dreams the Satan's Disciples in New York,1999,1,1,False
King Gimp,1999,1,1,False
"Girl, Interrupted",1999,1,1,False
All About My Mother (Todo sobre mi madre),1999,1,1,False
Shakespeare in Love,1998,7,13,True
Saving Private Ryan,1998,5,11,False
Life Is Beautiful (La vita è bella),1998,3,7,False
Elizabeth,1998,1,7,False
Gods and Monsters,1998,1,3,False
The Prince of Egypt,1998,1,2,False
Affliction,1998,1,2,False
What Dreams May Come,1998,1,2,False
The Personals,1998,1,1,False
The Last Days,1998,1,1,False
Election Night (Valgaften),1998,1,1,False
Bunny,1998,1,1,False
Titanic,1997,11,14,True
Good Will Hunting,1997,2,9,False
L.A. Confidential,1997,2,9,False
As Good as It Gets,1997,2,7,False
The Full Monty,1997,1,4,False
Men in Black,1997,1,3,False
Visas and Virtue,1997,1,1,False
Character (Karakter),1997,1,1,False
Geri's Game,1997,1,1,False
A Story of Healing,1997,1,1,False
The Long Way Home,1997,1,1,False
The English Patient,1996,9,12,True
Fargo,1996,2,7,False
Shine,1996,1,7,False
Evita,1996,1,5,False
Jerry Maguire,1996,1,5,False
Independence Day,1996,1,2,False
Emma,1996,1,2,False
Sling Blade,1996,1,2,False
The Ghost and the Darkness,1996,1,1,False
Kolya,1996,1,1,False
The Nutty Professor,1996,1,1,False
Quest,1996,1,1,False
When We Were Kings,1996,1,1,False
Breathing Lessons: The Life and Work of Mark O'Brien,1996,1,1,False
Dear Diary,1996,1,1,False
Braveheart,1995,5,10,True
Apollo 13,1995,2,9,False
Pocahontas,1995,2,2,False
The Usual Suspects,1995,2,2,False
Restoration,1995,2,2,False
Babe,1995,1,7,False
Sense and Sensibility,1995,1,7,False
Il Postino: The Postman,1995,1,5,False
Dead Man Walking,1995,1,4,False
Leaving Las Vegas,1995,1,4,False
Mighty Aphrodite,1995,1,2,False
Anne Frank Remembered,1995,1,1,False
A Close Shave,1995,1,1,False
Lieberman in Love,1995,1,1,False
One Survivor Remembers,1995,1,1,False
Antonia's Line (Antonia),1995,1,1,False
Toy Story,1995,0 (1),3,False
Forrest Gump,1994,6,13,True
The Lion King,1994,2,4,False
Speed,1994,2,3,False
Ed Wood,1994,2,2,False
Pulp Fiction,1994,1,7,False
Bullets Over Broadway,1994,1,7,False
The Madness of King George,1994,1,4,False
Legends of the Fall,1994,1,3,False
A Time for Justice,1994,1,1,False
Franz Kafka's It's a Wonderful Life,1994,1,1,False
Maya Lin: A Strong Clear Vision,1994,1,1,False
Burnt by the Sun (Utomlyonnye solntsem),1994,1,1,False
Trevor,1994,1,1,False
"The Adventures of Priscilla, Queen of the Desert",1994,1,1,False
Bob's Birthday,1994,1,1,False
Blue Sky,1994,1,1,False
Schindler's List,1993,7,12,True
The Piano,1993,3,8,False
Jurassic Park,1993,3,3,False
Philadelphia,1993,2,5,False
The Fugitive,1993,1,7,False
The Age of Innocence,1993,1,5,False
The Wrong Trousers,1993,1,1,False
Belle Epoque (The Beautiful Era),1993,1,1,False
I Am a Promise: The Children of Stanton Elementary School,1993,1,1,False
Mrs. Doubtfire,1993,1,1,False
Black Rider (Schwarzfahrer),1993,1,1,False
Defending Our Lives,1993,1,1,False
Unforgiven,1992,4,9,True
Howards End,1992,3,9,False
Bram Stoker's Dracula,1992,3,4,False
Aladdin,1992,2,5,False
The Crying Game,1992,1,6,False
Scent of a Woman,1992,1,4,False
A River Runs Through It,1992,1,3,False
Indochine,1992,1,2,False
My Cousin Vinny,1992,1,1,False
The Panama Deception,1992,1,1,False
Educating Peter,1992,1,1,False
The Last of the Mohicans,1992,1,1,False
Death Becomes Her,1992,1,1,False
Omnibus,1992,1,1,False
Mona Lisa Descending a Staircase,1992,1,1,False
The Silence of the Lambs,1991,5,7,True
Terminator 2: Judgment Day,1991,4,6,False
Bugsy,1991,2,10,False
JFK,1991,2,8,False
Beauty and the Beast,1991,2,6,False
Thelma & Louise,1991,1,6,False
The Fisher King,1991,1,5,False
In the Shadow of the Stars,1991,1,1,False
Manipulation,1991,1,1,False
Mediterraneo,1991,1,1,False
Session Man,1991,1,1,False
City Slickers,1991,1,1,False
"Deadly Deception: General Electric, Nuclear Weapons and Our Environment",1991,1,1,False
Dances with Wolves,1990,7,12,True
Dick Tracy,1990,3,7,False
Ghost,1990,2,5,False
Goodfellas,1990,1,6,False
The Hunt for Red October,1990,1,3,False
Reversal of Fortune,1990,1,3,False
Cyrano de Bergerac,1990,1,5,False
American Dream,1990,1,1,False
Journey of Hope (Reise der Hoffnung),1990,1,1,False
Days of Waiting,1990,1,1,False
Creature Comforts,1990,1,1,False
The Lunch Date,1990,1,1,False
Misery,1990,1,1,False
Total Recall,1990,0 (1),2,False
Driving Miss Daisy,1989,4,9,True
Glory,1989,3,5,False
Born on the Fourth of July,1989,2,8,False
My Left Foot,1989,2,5,False
The Little Mermaid,1989,2,3,False
Dead Poets Society,1989,1,4,False
The Abyss,1989,1,4,False
Indiana Jones and the Last Crusade,1989,1,3,False
Henry V,1989,1,3,False
The Johnstown Flood,1989,1,1,False
Common Threads: Stories from the Quilt,1989,1,1,False
Cinema Paradiso,1989,1,1,False
Work Experience,1989,1,1,False
Batman,1989,1,1,False
Balance,1989,1,1,False
Rain Man,1988,4,8,True
Dangerous Liaisons,1988,3,7,False
Who Framed Roger Rabbit,1988,3 (1),6,False
Mississippi Burning,1988,1,7,False
Working Girl,1988,1,6,False
The Accidental Tourist,1988,1,4,False
A Fish Called Wanda,1988,1,3,False
Pelle the Conqueror (Pelle erobreren),1988,1,2,False
The Accused,1988,1,1,False
The Appointments of Dennis Jennings,1988,1,1,False
Beetlejuice,1988,1,1,False
Bird,1988,1,1,False
Hôtel Terminus: The Life and Times of Klaus Barbie,1988,1,1,False
The Milagro Beanfield War,1988,1,1,False
Tin Toy,1988,1,1,False
You Don't Have to Die,1988,1,1,False
The Last Emperor,1987,9,9,True
Moonstruck,1987,3,6,False
The Untouchables,1987,1,4,False
Babette's Feast (Babettes gæstebud),1987,1,1,False
Dirty Dancing,1987,1,1,False
Harry and the Hendersons,1987,1,1,False
Innerspace,1987,1,1,False
The Man Who Planted Trees (L' Homme qui plantait des arbres),1987,1,1,False
Ray's Male Heterosexual Dance Hall,1987,1,1,False
The Ten-Year Lunch,1987,1,1,False
Wall Street,1987,1,1,False
Young at Heart,1987,1,1,False
RoboCop,1987,0 (1),2,False
Platoon,1986,4,8,True
A Room with a View,1986,3,8,False
Hannah and Her Sisters,1986,3,7,False
Aliens,1986,2,7,False
The Mission,1986,1,7,False
Children of a Lesser God,1986,1,5,False
The Color of Money,1986,1,4,False
Top Gun,1986,1,4,False
Round Midnight,1986,1,2,False
Artie Shaw: Time Is All You've Got,1986,1,1,False
The Assault (De Aanslag),1986,1,1,False
Down and Out in America,1986,1,1,False
The Fly,1986,1,1,False
A Greek Tragedy,1986,1,1,False
Precious Images,1986,1,1,False
"Women – for America, for the World",1986,1,1,False
Out of Africa,1985,7,11,True
Witness,1985,2,8,False
Cocoon,1985,2,2,False
Prizzi's Honor,1985,1,8,False
Back to the Future,1985,1,4,False
Kiss of the Spider Woman,1985,1,4,False
Ran,1985,1,4,False
The Official Story (La Historia Oficial),1985,1,2,False
The Trip to Bountiful,1985,1,2,False
White Nights,1985,1,2,False
Anna & Bella,1985,1,1,False
Broken Rainbow,1985,1,1,False
Mask,1985,1,1,False
Molly's Pilgrim,1985,1,1,False
Witness to War: Dr. Charlie Clements,1985,1,1,False
Amadeus,1984,8,11,True
The Killing Fields,1984,3,7,False
A Passage to India,1984,2,11,False
Places in the Heart,1984,2,7,False
Indiana Jones and the Temple of Doom,1984,1,2,False
Charade,1984,1,1,False
Dangerous Moves (La Diagonale du fou),1984,1,1,False
Purple Rain,1984,1,1,False
The Stone Carvers,1984,1,1,False
The Times of Harvey Milk,1984,1,1,False
Up,1984,1,1,False
The Woman in Red,1984,1,1,False
The River,1984,0 (1),4,False
Terms of Endearment,1983,5,11,True
The Right Stuff,1983,4,8,False
Fanny & Alexander (Fanny och Alexander),1983,4,6,False
Tender Mercies,1983,2,5,False
Yentl,1983,1,5,False
Flashdance,1983,1,4,False
Boys and Girls,1983,1,1,False
Flamenco at 5:15,1983,1,1,False
He Makes Me Feel Like Dancin',1983,1,1,False
Sundae in New York,1983,1,1,False
The Year of Living Dangerously,1983,1,1,False
Return of the Jedi,1983,0 (1),4,False
Gandhi,1982,8,11,True
E.T.: The Extra-Terrestrial,1982,4,9,False
An Officer and a Gentleman,1982,2,6,False
Tootsie,1982,1,10,False
Victor/Victoria,1982,1,7,False
Sophie's Choice,1982,1,5,False
Missing,1982,1,4,False
If You Love This Planet,1982,1,1,False
Just Another Missing Kid,1982,1,1[2],False
A Shocking Accident,1982,1,1,False
Tango,1982,1,1,False
To Begin Again (Volver a empezar),1982,1,1,False
Quest for Fire,1982,1,1,False
Chariots of Fire,1981,4,7,True
Raiders of the Lost Ark,1981,4 (1),8,False
Reds,1981,3,12,False
On Golden Pond,1981,3,10,False
Arthur,1981,2,4,False
An American Werewolf in London,1981,1,1,False
Close Harmony,1981,1,1,False
Crac,1981,1,1,False
Genocide,1981,1,1,False
Mephisto,1981,1,1,False
Violet,1981,1,1,False
Ordinary People,1980,4,6,True
Tess,1980,3,6,False
Raging Bull,1980,2,8,False
Fame,1980,2,6,False
Melvin and Howard,1980,2,3,False
Coal Miner's Daughter,1980,1,7,False
The Empire Strikes Back,1980,1 (1),3,False
The Dollar Bottom,1980,1,1,False
The Fly (A Légy),1980,1,1,False
From Mao to Mozart: Isaac Stern in China,1980,1,1,False
Karl Hess: Toward Liberty,1980,1,1,False
Moscow Does Not Believe in Tears,1980,1,1,False
Kramer vs. Kramer,1979,5,9,True
All That Jazz,1979,4,9,False
Apocalypse Now,1979,2,8,False
Norma Rae,1979,2,4,False
Breaking Away,1979,1,5,False
Alien,1979,1,2,False
Being There,1979,1,2,False
A Little Romance,1979,1,2,False
Best Boy,1979,1,1,False
Board and Care,1979,1,1,False
Every Child,1979,1,1,False
Paul Robeson: Tribute to an Artist,1979,1,1,False
The Tin Drum (Die Blechtrommel),1979,1,1,False
The Black Stallion,1979,0 (1),2,False
The Deer Hunter,1978,5,9,True
Coming Home,1978,3,8,False
Midnight Express,1978,2,6,False
Heaven Can Wait,1978,1,9,False
Days of Heaven,1978,1,4,False
California Suite,1978,1,3,False
The Buddy Holly Story,1978,1,3,False
Death on the Nile,1978,1,1,False
The Flight of the Gossamer Condor,1978,1,1,False
Get Out Your Handkerchiefs (Préparez vos mouchoirs),1978,1,1,False
Scared Straight!,1978,1,1,False
Special Delivery,1978,1,1,False
Teenage Father,1978,1,1,False
Thank God It's Friday,1978,1,1,False
Superman,1978,0 (1),3,False
Annie Hall,1977,4,5,True
Star Wars,1977,6 (1),10,False
Julia,1977,3,11,False
Close Encounters of the Third Kind,1977,1 (1),8,False
The Goodbye Girl,1977,1,5,False
A Little Night Music,1977,1,2,False
Gravity Is My Enemy,1977,1,1,False
I'll Find a Way,1977,1,1,False
Madame Rosa (La Vie devant soi),1977,1,1,False
The Sand Castle (Le Château de sable),1977,1,1,False
Who Are the DeBolts? And Where Did They Get Nineteen Kids?,1977,1,1,False
You Light Up My Life,1977,1,1,False
Rocky,1976,3,10,True
Network,1976,4,10,False
All the President's Men,1976,4,8,False
Bound for Glory,1976,2,6,False
A Star Is Born,1976,1,4,False
Fellini's Casanova (Il Casanova di Federico Fellini),1976,1,2,False
The Omen,1976,1,2,False
Black and White in Color (Noirs et blancs en couleur),1976,1,1,False
"Harlan County, USA",1976,1,1,False
In the Region of Ice,1976,1,1,False
Leisure,1976,1,1,False
Number Our Days,1976,1,1,False
King Kong,1976,0 (1),2,False
Logan's Run,1976,0 (1),2,False
One Flew Over the Cuckoo's Nest,1975,5,9,True
Barry Lyndon,1975,4,7,False
Jaws,1975,3,4,False
Dog Day Afternoon,1975,1,6,False
Nashville,1975,1,5,False
Shampoo,1975,1,4,False
The Sunshine Boys,1975,1,4,False
Angel and Big Joe,1975,1,1,False
Dersu Uzala,1975,1,1,False
The End of the Game,1975,1,1,False
Great (Great (Isambard Kingdom Brunel)),1975,1,1,False
The Man Who Skied Down Everest,1975,1,1,False
The Hindenburg,1975,0 (2),3,False
The Godfather: Part II,1974,6,11,True
The Towering Inferno,1974,3,8,False
The Great Gatsby,1974,2,2,False
Chinatown,1974,1,11,False
Murder on the Orient Express,1974,1,6,False
Earthquake,1974,1 (1),4,False
Alice Doesn't Live Here Anymore,1974,1,3,False
Amarcord,1974,1,3[3],False
Harry and Tonto,1974,1,2,False
Closed Mondays,1974,1,1,False
Don't,1974,1,1,False
Hearts and Minds,1974,1,1,False
"One-Eyed Men Are Kings (...borgnes sont rois, Les)",1974,1,1,False
The Sting,1973,7,10,True
The Exorcist,1973,2,10,False
The Way We Were,1973,2,6,False
Cries and Whispers (Viskningar och rop),1973,1,5,False
A Touch of Class,1973,1,5,False
Day for Night (La Nuit américaine),1973,1,4,False
Paper Moon,1973,1,4,False
The Paper Chase,1973,1,3,False
Save the Tiger,1973,1,3,False
The Bolero,1973,1,1,False
Frank Film,1973,1,1,False
The Great American Cowboy,1973,1,1,False
Princeton: A Search for Answers,1973,1,1,False
The Godfather,1972,3,10[4],True
Cabaret,1972,8,10,False
The Poseidon Adventure,1972,1 (1),8,False
Travels with My Aunt,1972,1,4,False
Butterflies Are Free,1972,1,3,False
The Candidate,1972,1,2,False
The Discreet Charm of the Bourgeoisie (Le charme discret de la bourgeoisie),1972,1,2,False
A Christmas Carol,1972,1,1[5],False
Limelight,1972,1,1[6],False
Marjoe,1972,1,1,False
Norman Rockwell's World... An American Dream,1972,1,1,False
This Tiny World,1972,1,1,False
The French Connection,1971,5,8,True
Fiddler on the Roof,1971,3,8,False
The Last Picture Show,1971,2,8,False
Nicholas and Alexandra,1971,2,6,False
Sentinels of Silence,1971,2,2,False
Bedknobs and Broomsticks,1971,1,5,False
Summer of '42,1971,1,4,False
The Garden of the Finzi-Continis (Il Giardino dei Finzi-Contini),1971,1,2,False
The Hospital,1971,1,2,False
Klute,1971,1,2,False
Shaft,1971,1,2,False
The Crunch Bird,1971,1,1,False
The Hellstrom Chronicle,1971,1,1,False
Patton,1970,7,10,True
Ryan's Daughter,1970,2,4,False
Airport,1970,1,10,False
Love Story,1970,1,7,False
M*A*S*H,1970,1,5,False
Tora! Tora! Tora!,1970,1,5,False
Women in Love,1970,1,4,False
Lovers and Other Strangers,1970,1,3,False
Woodstock,1970,1,3,False
Cromwell,1970,1,2,False
Investigation of a Citizen Above Suspicion (Indagine su un cittadino al di sopra di ogni sospetto),1970,1,2,False
Interviews with My Lai Veterans,1970,1,1,False
Is It Always Right to Be Right?,1970,1,1,False
Let It Be,1970,1,1,False
The Resurrection of Broncho Billy,1970,1,1,False
Midnight Cowboy,1969,3,7,True
Butch Cassidy and the Sundance Kid,1969,4,7,False
"Hello, Dolly!",1969,3,7,False
Z,1969,2,5,False
Anne of the Thousand Days,1969,1,10,False
"They Shoot Horses, Don't They?",1969,1,9,False
Marooned,1969,1,3,False
The Magic Machines,1969,1,2,False
The Prime of Miss Jean Brodie,1969,1,2,False
True Grit,1969,1,2,False
Arthur Rubinstein – The Love of Life (L'amour de la vie - Artur Rubinstein),1969,1,1,False
Cactus Flower,1969,1,1,False
Czechoslovakia 1968,1969,1,1,False
It's Tough to Be a Bird,1969,1,1,False
Oliver!,1968,5 (1),11,True
The Lion in Winter,1968,3,7,False
Romeo and Juliet,1968,2,4,False
Funny Girl,1968,1,8,False
2001: A Space Odyssey,1968,1,4,False
Bullitt,1968,1,2,False
The Producers,1967,1,2,False
Rosemary's Baby,1968,1,2,False
The Subject Was Roses,1968,1,2,False
The Thomas Crown Affair,1968,1,2,False
War and Peace (Voyna i mir),1968,1,2,False
Charly,1968,1,1,False
Journey into Self,1968,1,1,False
Robert Kennedy Remembered,1968,1,1,False
Why Man Creates,1968,1,1,False
Winnie the Pooh and the Blustery Day,1968,1,1,False
Planet of the Apes,1968,0 (1),2,False
In the Heat of the Night,1967,5,7,True
Camelot,1967,3,5,False
Bonnie and Clyde,1967,2,10,False
Guess Who's Coming to Dinner,1967,2,10,False
Doctor Dolittle,1967,2,9,False
The Graduate,1967,1,7,False
Thoroughly Modern Millie,1967,1,7,False
Cool Hand Luke,1967,1,4,False
The Dirty Dozen,1967,1,4,False
A Place to Stand,1967,1,2,False
The Anderson Platoon (La Section Anderson),1967,1,1,False
The Box,1967,1,1,False
Closely Watched Trains (Ostre sledované vlaky),1967,1,1,False
The Redwoods,1967,1,1,False
A Man for All Seasons,1966,6,8,True
Who's Afraid of Virginia Woolf?,1966,5,13,False
Grand Prix,1966,3,3,False
Fantastic Voyage,1966,2,5,False
A Man and a Woman,1966,2,4,False
Born Free,1966,2,2,False
The Fortune Cookie,1966,1,4,False
A Funny Thing Happened on the Way to the Forum,1966,1,1,False
A Herb Alpert and the Tijuana Brass Double Feature,1966,1,1,False
The War Game,1966,1,1,False
Wild Wings,1966,1,1,False
A Year Toward Tomorrow,1966,1,1,False
The Sound of Music,1965,5,10,True
Doctor Zhivago,1965,5,10,False
Darling,1965,3,5,False
Ship of Fools,1965,2,8,False
Cat Ballou,1965,1,5,False
The Great Race,1965,1,5,False
A Patch of Blue,1965,1,5,False
A Thousand Clowns,1965,1,4,False
The Shop on Main Street (Obchod na korze),1965,1,2,False
The Sandpiper,1965,1,1,False
The Eleanor Roosevelt Story,1965,1,1,False
To Be Alive!,1965,1,1,False
7 Faces of Dr. Lao,1964,0 (1),1,False
7th Heaven,1927/28,3,5,False
"20,000 Leagues Under the Sea",1954,2,3,False
Adventures of Don Juan,1949,1,2,False
The Adventures of Robin Hood,1938,3,4,False
The African Queen,1951,1,4,False
Air Force,1943,1,4,False
The Alamo,1960,1,7,False
The Alaskan Eskimo,1953,1,1,False
Albert Schweitzer,1957,1,1,False
Alexander's Ragtime Band,1938,1,6,False
All About Eve,1950,6,14,True
All Quiet on the Western Front,1929/30,2,4,True
All That Money Can Buy,1941,1,2,False
All the King's Men,1949,3,7,True
Ama Girls,1958,1,1,False
America America,1963,1,4,False
An American in Paris,1951,6,8,True
Amphibious Fighters,1943,1,1,False
Anastasia,1956,1,2,False
Anchors Aweigh,1945,1,5,False
Anna and the King of Siam,1946,2,5,False
Annie Get Your Gun,1950,1,4,False
Anthony Adverse,1936,4,7,False
The Apartment,1960,5,10,True
Aquatic House Party,1949,1,1,False
"Arise, My Love",1940,1,4,False
Around the World in 80 Days,1956,5,8,True
The Awful Truth,1937,1,6,False
The Bachelor and the Bobby-Soxer,1947,1,1,False
The Bad and the Beautiful,1952,5,6,False
Bad Girl,1931/32,2,3,False
The Barefoot Contessa,1954,1,2,False
The Battle of Midway,1942,1,1,False
Battleground,1949,2,6,False
Bear Country,1953,1,1,False
Becket,1964,1,12,False
The Bells of St. Mary's,1945,1,8,False
Ben-Hur,1959,11,12,True
Benjy,1951,1,1,False
The Bespoke Overcoat,1956,1,1,False
The Best Years of Our Lives,1946,7 (1),8,True
Beyond the Line of Duty,1942,1,1,False
Bicycle Thieves,1949,0 (1),1,False
The Big Broadcast of 1938,1938,1,1,False
The Big Country,1958,1,2,False
The Big House,1929/30,2,4,False
Bill and Coo,1948,0 (1),0,False
Birds Anonymous,1957,1,1,False
The Bishop's Wife,1947,1,5,False
Black Fox: The Rise and Fall of Adolf Hitler (The Black Fox),1962,1,1,False
Black Narcissus,1947,2,2,False
Black Orpheus (Orfeu Negro),1959,1,1,False
The Black Swan,1942,1,3,False
Blithe Spirit,1946,1,1,False
Blood and Sand,1941,1,2,False
Blood on the Sun,1945,1,1,False
Blossoms in the Dust,1941,1,4,False
Body and Soul,1947,1,3,False
Bored of Education,1936,1,1,False
Born Yesterday,1950,1,5,False
A Boy and His Dog,1946,1,1,False
Boys Town,1938,2,5,False
The Brave One,1956,1,3,False
Breakfast at Tiffany's,1961,2,5,False
Breaking the Sound Barrier,1952,1,2,False
The Bridge of San Luis Rey,1928/29,1,1,False
The Bridge on the River Kwai,1957,7,8,True
The Bridges at Toko-Ri,1955,1,2,False
Broadway Melody of 1936,1935,1,3,False
The Broadway Melody,1928/29,1,3,True
Broken Lance,1954,1,2,False
Busy Little Bears,1939,1,1,False
BUtterfield 8,1960,1,2,False
Calamity Jane,1953,1,3,False
Call Me Madam,1953,1,2,False
"Captain Carey, U.S.A.",1950,1,1,False
Captains Courageous,1937,1,4,False
Casablanca,1943,3,8,True
Casals Conducts: 1964,1964,1,1,False
The Cat Concerto,1946,1,1,False
Cavalcade,1932/33,3,4,True
Chagall,1963,1,1,False
The Champ,1931/32,2,4,False
Champion,1949,1,6,False
A Chance to Live,1949,1,1,False
The Charge of the Light Brigade,1936,1,3,False
The Chicken (Le Poulet),1965,1,1,False
Churchill's Island,1941,1,1,False
Cimarron,1930/31,3,7,True
The Circus,1927/28,0 (1),0,False
Citizen Kane,1941,1,9,False
City of Wax,1934,1,1,False
Cleopatra,1934,1,5,False
Cleopatra,1963,4,9,False
Climbing the Matterhorn,1947,1,1,False
Come and Get It,1936,1,2,False
"Come Back, Little Sheba",1952,1,3,False
Coquette,1928/29,1,1,False
The Country Cousin,1936,1,1,False
The Country Girl,1954,2,7,False
Cover Girl,1944,1,5,False
The Cowboy and the Lady,1938,1,3,False
Crash Dive,1943,1,1,False
Crashing the Water Barrier,1956,1,1,False
The Critic,1963,1,1,False
La Cucaracha,1934,1,1,False
Cyrano de Bergerac,1950,1,1,False
A Damsel in Distress,1937,1,2,False
Dangerous,1935,1,1,False
The Dark Angel,1935,1,3,False
The Dawn Patrol,1930/31,1,1,False
Day of the Painter,1960,1,1,False
Daybreak in Udi,1949,1,1,False
Days of Wine and Roses,1962,1,5,False
December 7th,1943,1,1,False
Declaration of Independence,1938,1,1,False
The Defiant Ones,1958,2,9,False
Der Fuehrer's Face,1942,1,1,False
Desert Victory,1943,1,1,False
Design for Death,1947,1,1,False
Designing Woman,1957,1,1,False
Destination Moon,1950,1,2,False
The Diary of Anne Frank,1959,3,8,False
Disraeli,1929/30,1,3,False
The Divine Lady,1928/29,1,3,False
Divorce Italian Style,1962,1,3,False
The Divorcee,1929/30,1,4,False
Dodsworth,1936,1,7,False
The Dot and the Line (The Dot and the Line: A Romance in Lower Mathematics),1965,1,1,False
A Double Life,1947,2,4,False
The Dove,1927/28,1,1,False
Dr. Jekyll and Mr. Hyde,1931/32,1,3,False
Dumbo,1941,1,2,False
Dylan Thomas,1962,1,1,False
East of Eden,1955,1,4,False
Easter Parade,1948,1,1,False
Elmer Gantry,1960,3,5,False
The Enemy Below,1957,1,1,False
Eskimo,1934,1,1,False
Exodus,1960,1,3,False
The Face of Lincoln,1955,1,2,False
Facing Your Danger,1946,1,1,False
The Facts of Life,1960,1,5,False
Fantasia,1940,0 (2),0,False
A Farewell to Arms,1932/33,2,4,False
The Farmer's Daughter,1947,1,2,False
Father Goose,1964,1,3,False
Federico Fellini's 8½,1963,2,5,False
Ferdinand the Bull,1938,1,1,False
The Fighting Lady,1944,1,1,False
First Steps,1947,1,1,False
Flowers and Trees,1931/32,1,1,False
Folies Bergere,1935,1,1,False
For Scent-imental Reasons,1949,1,1,False
For Whom the Bell Tolls,1943,1,9,False
Forbidden Games,1952,0 (1),1,False
A Force in Readiness,1961,0 (1),0,False
A Free Soul,1930/31,1,3,False
Frenchman's Creek,1945,1,1,False
From Here to Eternity,1953,8,13,True
The Garden of Allah,1936,0 (1),2,False
Gaslight,1944,2,7,False
Gate of Hell (Jigokumon),1954,1 (1),1,False
The Gay Divorcee,1934,1,5,False
Gentleman's Agreement,1947,3,8,True
Gerald McBoing-Boing,1950,1,1,False
Giant,1956,1,10,False
Gigi,1958,9,9,True
Giuseppina,1960,1,1,False
Give Me Liberty,1936,1,1,False
Glass (Glas),1959,1,1,False
The Glenn Miller Story,1954,1,3,False
Going My Way,1944,7,10,True
Gold Diggers of 1935,1935,1,2,False
The Golden Fish (Histoire d'un poisson rouge),1959,1,1,False
Goldfinger,1964,1,1,False
Gone with the Wind,1939,8 (2),13,True
The Good Earth,1937,2,5,False
"Goodbye, Miss Turlock",1947,1,1,False
"Goodbye, Mr. Chips",1939,1,7,False
Grand Canyon,1958,1,1,False
Grand Hotel,1931/32,1,1,True
Grandad of Races,1950,1,1,False
The Grapes of Wrath,1940,2,7,False
The Great Caruso,1951,1,3,False
Great Expectations,1947,2,5,False
The Great Lie,1941,1,1,False
The Great McGinty,1940,1,1,False
The Great Waltz,1938,1,3,False
The Great Ziegfeld,1936,3,7,True
The Greatest Show on Earth,1952,2,5,True
Green Dolphin Street,1947,1,4,False
The Guns of Navarone,1961,1,7,False
Hamlet,1948,4,7,True
Happy Anniversary (Heureux Anniversaire),1962,1,1,False
Harvey,1950,1,2,False
The Harvey Girls,1946,1,2,False
Heavenly Music,1943,1,1,False
The Heiress,1949,4,8,False
Helen Keller in Her Story (The Unconquered),1955,1,1,False
"Hello, Frisco, Hello",1943,1,2,False
Henry V,1946,0 (1),4,False
Here Comes Mr. Jordan,1941,2,7,False
Here Comes the Groom,1951,1,2,False
The High and the Mighty,1954,1,6,False
High Noon,1952,4,7,False
Hitler Lives,1945,1,1,False
A Hole in the Head,1959,1,1,False
The Hole,1962,1,1,False
Holiday Inn,1942,1,3,False
The Horse with the Flying Tail,1960,1,1,False
The House I Live In,1945,0 (1),0,False
The House on 92nd Street,1945,1,1,False
How Green Was My Valley,1941,5,10,True
How the West Was Won,1963,3,8,False
How to Sleep,1935,1,1,False
Hud,1963,3,7,False
The Human Comedy,1943,1,5,False
The Hurricane,1937,1,3,False
The Hustler,1961,2,9,False
I Want to Live!,1958,1,6,False
I Wanted Wings,1941,1,1,False
I Won't Play,1944,1,1,False
I'll Cry Tomorrow,1955,1,4,False
In Beaver Valley,1950,1,1,False
In Old Arizona,1928/29,1,5,False
In Old Chicago,1937,2,6,False
In Which We Serve,1942,0 (1),2,False
The Informer,1935,4,6,False
Interrupted Melody,1955,1,3,False
The Invaders,1942,1,3,False
Irma la Douce,1963,1,3,False
It Happened One Night,1934,5,5,True
"It's a Mad, Mad, Mad, Mad World",1963,1,6,False
The Jazz Singer,1927/28,0 (1),1,False
Jezebel,1938,2,5,False
Joan of Arc,1948,2 (1),7,False
Johann Mouse,1952,1,1,False
Johnny Belinda,1948,1,12,False
Johnny Eager,1942,1,1,False
The Joker Is Wild,1957,1,1,False
The Jolson Story,1946,2,6,False
Judgment at Nuremberg,1961,2,11,False
Julius Caesar,1953,1,5,False
Kentucky,1938,1,1,False
Key Largo,1948,1,1,False
The King and I,1956,5,9,False
King of Jazz,1929/30,1,1,False
King Solomon's Mines,1950,2,3,False
Kitty Foyle (Kitty Foyle: The Natural History of a Woman),1940,1,5,False
Knighty Knight Bugs,1958,1,1,False
Kokoda Front Line!,1942,1,1,False
Kon-Tiki,1950,1,1,False
Krakatoa,1932/33,1,1,False
Kukan,1941,0 (1),0,False
La Strada (The Road),1956,1,2,False
La Dolce Vita,1961,1,4,False
Lady Be Good,1941,1,1,False
The Last Command,1927/28,1,2,False
Laura,1944,1,5,False
The Lavender Hill Mob,1952,1,2,False
Lawrence of Arabia,1962,7,10,True
Leave Her to Heaven,1945,1,4,False
Lend a Paw,1941,1,1,False
Les Girls,1957,1,3,False
A Letter to Three Wives,1949,2,3,False
The Life of Emile Zola,1937,3,10,True
Light in the Window,1952,1,1,False
Lili,1953,1,6,False
Lilies of the Field,1963,1,5,False
The Little Kidnappers (The Kidnappers),1954,0 (2),0,False
The Little Orphan,1948,1,1,False
Little Women,1932/33,1,3,False
Little Women,1949,1,2,False
The Lives of a Bengal Lancer,1935,1,7,False
The Living Desert,1953,1,1,False
The Longest Day,1962,2,5,False
Lost Horizon,1937,2,7,False
The Lost Weekend,1945,4,7,True
Love Is a Many-Splendored Thing,1955,3,8,False
Love Me or Leave Me,1955,1,6,False
Lust for Life,1956,1,4,False
Magoo's Puddle Jumper,1956,1,1,False
Main Street on the March!,1941,1,1,False
The Man Who Knew Too Much,1956,1,1,False
Manhattan Melodrama,1934,1,1,False
Marie-Louise,1945,1,1,False
Marty,1955,4,8,True
Mary Poppins,1964,5,13,False
Men Against the Arctic,1955,1,1,False
The Merry Widow,1934,1,1,False
A Midsummer Night's Dream,1935,2,4[7],False
Mighty Joe Young,1949,1,1,False
Mildred Pierce,1945,1,6,False
The Milky Way,1940,1,1,False
Min and Bill,1930/31,1,1,False
Miracle on 34th Street,1947,3,4,False
The Miracle Worker,1962,2,5,False
Mister Roberts,1955,1,3,False
Monsieur Vincent,1948,0 (1),0,False
Moonbird,1959,1,1,False
The More the Merrier,1943,1,6,False
Morning Glory,1932/33,1,1,False
Moscow Strikes Back,1942,1,1,False
Mother Wore Tights,1947,1,3,False
Moulin Rouge,1952,2,7,False
Mouse Trouble,1944,1,1,False
Mr. Deeds Goes to Town,1936,1,5,False
Mr. Smith Goes to Washington,1939,1,11,False
Mrs. Miniver,1942,6,12,True
Munro,1960,1,1,False
The Music Box,1931/32,1,1,False
The Music Man,1962,1,6,False
Mutiny on the Bounty,1935,1,8,True
My Fair Lady,1964,8,12,True
My Uncle (Mon oncle),1958,1,1,False
My Gal Sal,1942,1,2,False
The Naked City,1948,2,3,False
National Velvet,1945,2,5,False
Nature's Half Acre,1951,1,1,False
Naughty Marietta,1935,1,2,False
Neighbours,1952,1,2,False
Neptune's Daughter,1949,1,1,False
Never on Sunday (Pote tin Kyriaki),1960,1,5,False
The Night of the Iguana,1964,1,4,False
Nights of Cabiria (Le Notti di Cabiria),1957,1,1,False
Nine from Little Rock,1964,1,1,False
None But the Lonely Heart,1944,1,4,False
North West Mounted Police,1940,1,5,False
"Now, Voyager",1942,1,3,False
An Occurrence at Owl Creek Bridge,1963,1,1,False
Of Pups and Puzzles,1941,1,1,False
Oklahoma!,1955,2,4,False
The Old Man and the Sea,1958,1,3,False
The Old Mill,1937,1,1,False
On the Town,1949,1,1,False
On the Waterfront,1954,8,12,True
One Hundred Men and a Girl,1937,1,5,False
One Night of Love,1934,2,6,False
One Way Passage,1932/33,1,1,False
Overture to The Merry Wives of Windsor,1953,1,1,False
The Paleface,1948,1,1,False
Panic in the Streets,1950,1,1,False
Papa's Delicate Condition,1963,1,1,False
The Patriot,1928/29,1,5,False
Penny Wisdom,1937,1,1,False
Phantom of the Opera,1943,2,4,False
The Philadelphia Story,1940,2,6,False
Picnic,1955,2,6,False
The Picture of Dorian Gray,1945,1,3,False
Pillow Talk,1959,1,5,False
The Pink Phink,1964,1,1,False
Pinocchio,1940,2,2,False
A Place in the Sun,1951,6,9,False
Plymouth Adventure,1952,1,1,False
Pollyanna,1960,0 (1),0,False
Porgy and Bess,1959,1,4,False
Portrait of Jennie,1948,1,2,False
Prelude to War,1942,1,1,False
Pride and Prejudice,1940,1,1,False
The Pride of the Yankees,1942,1,11,False
Princess O'Rourke,1943,1,1,False
The Private Life of Henry VIII,1932/33,1,2,False
The Private Life of the Gannets,1937,1,1,False
Project Hope,1961,1,1,False
The Public Pays,1936,1,1,False
Pygmalion,1938,1,4,False
Quicker'n a Wink,1940,1,1,False
The Quiet Man,1952,2,7,False
Quiet Please!,1945,1,1,False
The Rains Came,1939,1,6[8],False
Rashomon,1951,0 (1),1,False
The Razor's Edge,1946,1,4,False
Reap the Wild Wind,1942,1,3,False
Rebecca,1940,2,11,True
The Red Balloon (Le ballon rouge),1956,1,1,False
The Red Shoes,1948,2,5,False
The Robe,1953,2,5,False
Robert Frost: A Lover's Quarrel with the World,1963,1,1,False
Roman Holiday,1953,3,10,False
Room at the Top,1959,2,6,False
The Rose Tattoo,1955,3,8,False
Sabrina,1954,1,6,False
Samson and Delilah,1950,2,5,False
Samurai I: Musashi Miyamoto (Miyamoto Musashi),1955,0 (1),0,False
San Francisco,1936,1,6,False
Sayonara,1957,4,10,False
The Scoundrel,1935,1,1,False
The Sea Around Us,1952,1,1,False
Seal Island,1948,1,1,False
The Search,1948,1 (1),4,False
Seawards the Great Ships,1961,1,1,False
The Secret Land,1948,1,1,False
Seeds of Destiny,1946,1,1,False
Separate Tables,1958,2,7,False
Serengeti Shall Not Die (Serengeti darf nicht sterben),1959,1,1,False
Sergeant York,1941,2,11,False
Seven Brides for Seven Brothers,1954,1,5,False
Seven Days to Noon,1951,1,1,False
The Seventh Veil,1946,1,1,False
Shane,1953,1,6,False
Shanghai Express,1931/32,1,3,False
She Wore a Yellow Ribbon,1949,1,1,False
Shoeshine (Sciuscià),1947,0 (1),1,False
The Silent World (Le Monde du silence),1956,1,1,False
The Sin of Madelon Claudet,1931/32,1,1,False
Since You Went Away,1944,1,9,False
Skippy,1930/31,1,4,False
Sky Above and Mud Beneath (Le Ciel et la boue),1961,1,1,False
The Snake Pit,1948,1,6,False
Snow White and the Seven Dwarfs,1937,0 (1),1,False
So Much for So Little,1949,1,1,False
So This Is Harris!,1932/33,1,1,False
The Solid Gold Cadillac,1956,1,2,False
Some Like It Hot,1959,1,6,False
Somebody Up There Likes Me,1956,2,3,False
The Song of Bernadette,1943,4,12,False
Song of the South,1947,1 (1),2,False
Song Without End,1960,1,1,False
Sons and Lovers,1960,1,7,False
Sons of Liberty,1939,1,1,False
South Pacific,1958,1,3,False
Spartacus,1960,4,6,False
Spawn of the North,1938,0 (1),0,False
Speaking of Animals and Their Families,1942,1,1,False
Speedy Gonzales,1955,1,1,False
Spellbound,1945,1,6,False
Splendor in the Grass,1961,1,2,False
Stagecoach,1939,2,7,False
Stairway to Light,1945,1,1,False
Stalag 17,1953,1,3,False
Star in the Night,1945,1,1,False
A Star Is Born,1937,1 (1),7,False
State Fair,1945,1,2,False
The Story of Louis Pasteur,1936,3,4,False
The Stratton Story,1949,1,1,False
Street Angel,1927/28,1,3,False
A Streetcar Named Desire,1951,4,12,False
Strike Up the Band,1940,1,3,False
The Substitute,1961,1,1,False
Sundays and Cybele (Le Dimanches de Ville d'Avray),1962,1,3,False
Sunrise,1927/28,3,4[9],False
Sunset Boulevard,1950,3,11,False
Survival City,1955,1,1,False
Suspicion,1941,1,3,False
Sweet Bird of Youth,1962,1,3,False
Sweethearts,1938,0 (1),2,False
Swing Time,1936,1,2,False
Symphony of a City,1948,1,1,False
Tabu,1930/31,1,1,False
Target for Tonight,1941,0 (1),0,False
"Teddy, the Rough Rider",1940,1,1,False
Tempest,1927/28,1,1,False
The Ten Commandments,1956,1,7,False
That Hamilton Woman,1941,1,4,False
That Mothers Might Live,1938,1,1,False
The Thief of Bagdad,1940,3,4,False
The Third Man,1950,1,3,False
Thirty Seconds Over Tokyo,1944,1,2,False
This Above All,1942,1,4,False
This Is the Army,1943,1,3,False
This Land Is Mine,1943,1,1,False
This Mechanical Age,1954,1,1,False
Three Coins in the Fountain,1954,2,3,False
The Three Faces of Eve,1957,1,1,False
Three Little Pigs,1932/33,1,1,False
Three Orphan Kittens,1935,1,1,False
Through a Glass Darkly (Såsom i en spegel),1961,1,2,False
Thunderball,1965,1,1,False
Thursday's Children,1954,1,1,False
The Time Machine,1960,1,1,False
A Time Out of War,1954,1,1,False
Tin Pan Alley,1940,1,1,False
The Titan: Story of Michelangelo,1950,1,1,False
Titanic,1953,1,2,False
To Catch a Thief,1955,1,3,False
To Each His Own,1946,1,2,False
To Kill a Mockingbird,1962,3,8,False
Tom Jones,1963,4,10,True
tom thumb,1958,1,1,False
"Toot, Whistle, Plunk and Boom",1953,1,1,False
Topkapi,1964,1,1,False
The Tortoise and the Hare,1934,1,1,False
Torture Money,1937,1,1,False
Toward Independence,1948,1,1,False
Transatlantic,1931/32,1,1,False
The Treasure of the Sierra Madre,1948,3,4,False
A Tree Grows in Brooklyn,1945,1,2,False
The True Glory,1945,1,1,False
The True Story of the Civil War,1956,1,1,False
Tweetie Pie,1947,1,1,False
Twelve O'Clock High,1949,2,4,False
Two Arabian Knights,1927/28,1,1,False
The Two Mouseketeers,1951,1,1,False
Two Women (La Ciociara),1961,1,1,False
The Ugly Duckling,1939,1,1,False
Underworld,1927/28,1,1,False
The V.I.P.s,1963,1,1,False
Vacation from Marriage (UK title Perfect Strangers),1946,1,1,False
Van Gogh,1949,1,1,False
The Vanishing Prairie,1954,1,1,False
The Virgin Spring (Jungfrukällan),1960,1,2,False
Viva Villa!,1934,1,4,False
Viva Zapata!,1952,1,5,False
Waikiki Wedding,1937,1,2,False
The Walls of Malapaga,1950,0 (1),0,False
The War of the Worlds,1953,1,3,False
Watch on the Rhine,1943,1,4,False
Water Birds,1952,1,1,False
The Way of All Flesh,1927/28,1,1,False
West Side Story,1961,10,11,True
The Westerner,1940,1,3,False
The Wetback Hound,1957,1,1,False
What Ever Happened to Baby Jane?,1962,1,5,False
When Tomorrow Comes,1939,1,1,False
When Magoo Flew,1954,1,1,False
When Worlds Collide,1951,1,2,False
White Shadows in the South Seas,1928/29,1,1,False
White Wilderness,1958,1,2,False
Who's Who in Animal Land,1944,1,1,False
Why Korea?,1950,1,1,False
Wilson,1944,5,10,False
Wings,1927/28,2,2,True
Wings Over Everest,1935,1,1,False
With a Song in My Heart,1952,1,5,False
With Byrd at the South Pole,1929/30,1,1,False
With the Marines at Tarawa,1944,1,1,False
The Wizard of Oz,1939,2,6[10],False
Woman of the Year,1942,1,2,False
Wonder Man,1945,1,4,False
The Wonderful World of the Brothers Grimm,1962,1,4,False
World of Kids,1951,1,1,False
World Without Sun (Le Monde sans soleil),1964,1,1,False
Wrestling Swordfish,1931/32,1,1,False
Written on the Wind,1956,1,3,False
Wuthering Heights,1939,1,8,False
Yankee Doodle Dandy,1942,3,8,False
The Yankee Doodle Mouse,1943,1,1,False
The Yearling,1946,2,7,False
"Yesterday, Today and Tomorrow (Ieri, oggi, domani)",1964,1,1,False
You Can't Take It with You,1938,2,7,True
Zorba the Greek (Alexis Zorbas),1964,3,7,False
